CREATE DATABASE LAB;
GO

USE LAB;
GO

CREATE TABLE FACULTY
(
    faculty      CHAR(10) PRIMARY KEY,
    faculty_name VARCHAR(100) NOT NULL
);

CREATE TABLE PULPIT
(
    pulpit      CHAR(10) PRIMARY KEY,
    pulpit_name VARCHAR(100) NOT NULL,
    faculty     CHAR(10)     NOT NULL,
    FOREIGN KEY (faculty) REFERENCES FACULTY (faculty)
);

CREATE TABLE TEACHER
(
    teacher      CHAR(10) PRIMARY KEY,
    teacher_name VARCHAR(100) NOT NULL,
    pulpit       CHAR(10)     NOT NULL,
    FOREIGN KEY (pulpit) REFERENCES PULPIT (pulpit)
);

-- Создание таблицы SUBJECT
CREATE TABLE SUBJECT
(
    subject      CHAR(10) PRIMARY KEY,
    subject_name VARCHAR(100) NOT NULL,
    pulpit       CHAR(10)     NOT NULL,
    FOREIGN KEY (pulpit) REFERENCES PULPIT (pulpit)
);

INSERT INTO FACULTY (faculty, faculty_name)
VALUES ('ИТ', 'Информационные технологии'),
       ('ХТиТ', 'Химическая технология и техника'),
       ('Э', 'Энергетика'),
       ('ЛХФ', 'Лесохозяйственный факультет'),
       ('ИЭФ', 'Инженерно-экономический факультет');

INSERT INTO PULPIT (pulpit, pulpit_name, faculty)
VALUES ('ИСиТ', 'Информационных систем и технологий', 'ИТ'),
       ('ПОиСОИ', 'Программного обеспечения и систем обработки информации', 'ИТ'),
       ('ЭТ', 'Электронных технологий', 'ХТиТ'),
       ('ТНВиОХТ', 'Технологии неорганических веществ и общей химической технологии', 'ХТиТ'),
       ('ЛВ', 'Лесоводства', 'ЛХФ'),
       ('ОВ', 'Охотоведения', 'ЛХФ'),
       ('ТиПЛ', 'Технологии и переработки леса', 'ЛХФ'),
       ('ЛУ', 'Лесоустройства', 'ЛХФ'),
       ('ЭП', 'Экономики природопользования', 'ИЭФ');

INSERT INTO TEACHER (teacher, teacher_name, pulpit)
VALUES ('СМЛВ', 'Смелов Владимир Владиславович', 'ИСиТ'),
       ('АКНВЧ', 'Акунович Станислав Антонович', 'ИСиТ'),
       ('КЛСНВ', 'Колесников Леонид Валерьевич', 'ПОиСОИ'),
       ('БРКВЧ', 'Барановская Татьяна Сергеевна', 'ПОиСОИ'),
       ('ДТК', 'Дятко Александр Аркадьевич', 'ЭТ'),
       ('УРБ', 'Урбанович Павел Павлович', 'ЭТ'),
       ('ГРН', 'Гурин Николай Иванович', 'ТНВиОХТ'),
       ('ЖЛК', 'Жиляк Надежда Александровна', 'ТНВиОХТ'),
       ('КРКВ', 'Королев Валентин Викторович', 'ЛВ'),
       ('ПРВ', 'Петров Василий Иванович', 'ОВ'),
       ('СРК', 'Сорокина Тамара Васильевна', 'ТиПЛ'),
       ('ЗВГЦВ', 'Звягинцев Василий Петрович', 'ЛУ'),
       ('РЖК', 'Рожков Леонид Николаевич', 'ЭП');

INSERT INTO SUBJECT (subject, subject_name, pulpit)
VALUES ('СУБД', 'Системы управления базами данных', 'ИСиТ'),
       ('БД', 'Базы данных', 'ИСиТ'),
       ('ИНФ', 'Информационные технологии', 'ПОиСОИ'),
       ('ОАиП', 'Основы алгоритмизации и программирования', 'ПОиСОИ'),
       ('ПЗО', 'Программное обеспечение компьютерных систем', 'ПОиСОИ'),
       ('ЭЛТ', 'Электротехника', 'ЭТ'),
       ('ЭЛМ', 'Электроника', 'ЭТ'),
       ('ТЕР', 'Теоретические основы электротехники', 'ЭТ'),
       ('ХТН', 'Химическая технология неорганических веществ', 'ТНВиОХТ'),
       ('ОХТ', 'Общая химическая технология', 'ТНВиОХТ'),
       ('ЛВД', 'Лесоводство', 'ЛВ'),
       ('ЛЗД', 'Лесоустройство', 'ЛУ'),
       ('ОХТ', 'Охотоведение', 'ОВ'),
       ('ЭКО', 'Экономика природопользования', 'ЭП');